Id,ActivityDate,TotalSteps,Calories,VeryActiveMinutes,FairlyActiveMinutes,LightlyActiveMinutes,SedentaryMinutes,sleep_hours,minutes_asleep,minutes_restless,minutes_awake,time_in_bed,sleep_efficiency,weekday,sleep_category,activity_level,is_weekend
1503960366,2016-03-25,11004,1819,33,12,205,804,7.083333333333333,425,30.0,2.0,7.616666666666666,0.9299781181619257,Friday,high,high,False
1503960366,2016-03-26,17609,2154,89,17,274,588,8.25,495,20.0,6.0,8.683333333333334,0.9500959692898272,Saturday,high,high,True
1503960366,2016-03-27,12736,1944,56,5,268,605,1.2166666666666666,73,4.0,0.0,1.2833333333333334,0.9480519480519479,Sunday,low,high,True
1503960366,2016-03-28,13231,1932,39,20,224,1080,5.816666666666666,349,25.0,4.0,6.3,0.9232804232804233,Monday,moderate,high,False
1503960366,2016-03-30,10970,1820,30,13,223,1174,5.133333333333334,308,27.0,1.0,5.6,0.9166666666666669,Wednesday,moderate,high,False
1503960366,2016-03-31,12256,1889,33,12,239,820,4.716666666666667,283,19.0,4.0,5.1,0.9248366013071896,Thursday,low,high,False
1503960366,2016-04-01,12262,1868,47,21,200,866,7.316666666666666,439,58.0,12.0,8.483333333333333,0.862475442043222,Friday,high,high,False
1503960366,2016-04-02,11248,1843,40,11,244,636,6.316666666666666,379,40.0,7.0,7.1,0.8896713615023474,Saturday,moderate,high,True
1503960366,2016-04-03,10016,1850,15,30,314,655,4.9,294,31.0,12.0,5.616666666666666,0.8724035608308607,Sunday,low,high,True
1503960366,2016-04-04,14557,2030,43,18,285,757,4.666666666666667,280,24.0,5.0,5.15,0.9061488673139159,Monday,low,high,False
1503960366,2016-04-08,12521,1895,46,22,212,1160,6.333333333333333,380,24.0,3.0,6.783333333333333,0.9336609336609336,Friday,moderate,high,False
1503960366,2016-04-09,12432,1883,32,15,248,738,7.583333333333333,455,21.0,2.0,7.966666666666667,0.9518828451882845,Saturday,high,high,True
1503960366,2016-04-10,10057,1755,44,13,168,737,5.166666666666667,310,16.0,3.0,5.483333333333333,0.9422492401215806,Sunday,moderate,high,True
1503960366,2016-04-11,10990,1811,26,14,216,855,5.45,327,13.0,6.0,5.766666666666667,0.9450867052023122,Monday,moderate,high,False
1503960366,2016-04-12,13386,2035,25,13,337,760,4.833333333333333,290,11.0,12.0,5.216666666666667,0.926517571884984,Tuesday,low,high,False
1503960366,2016-04-13,10735,1797,21,19,217,776,1.5666666666666667,94,0.0,0.0,1.5666666666666667,1.0,Wednesday,low,high,False
1503960366,2016-04-14,10460,1776,30,11,181,1218,6.866666666666666,412,22.0,8.0,7.366666666666666,0.9321266968325792,Thursday,moderate,high,False
1503960366,2016-04-15,9762,1745,29,34,209,726,5.666666666666667,340,19.0,8.0,6.116666666666666,0.9264305177111718,Friday,moderate,moderate,False
1503960366,2016-04-16,12669,1863,36,10,221,773,11.666666666666666,700,12.0,0.0,11.866666666666667,0.9831460674157303,Saturday,very high,high,True
1503960366,2016-04-18,13019,1921,42,16,233,1149,5.066666666666666,304,16.0,0.0,5.333333333333333,0.95,Monday,moderate,high,False
1503960366,2016-04-19,15506,2035,50,31,264,775,6.0,360,14.0,3.0,6.283333333333333,0.9549071618037136,Tuesday,moderate,high,False
1503960366,2016-04-20,10544,1786,28,12,205,818,5.416666666666667,325,36.0,3.0,6.066666666666666,0.8928571428571429,Wednesday,moderate,high,False
1503960366,2016-04-22,12764,1827,66,27,130,1217,6.016666666666667,361,22.0,1.0,6.4,0.9401041666666666,Friday,moderate,high,False
1503960366,2016-04-23,14371,1949,41,21,262,732,7.166666666666667,430,19.0,0.0,7.483333333333333,0.957683741648107,Saturday,high,high,True
1503960366,2016-04-24,10039,1788,39,5,238,709,4.616666666666666,277,40.0,6.0,5.383333333333334,0.8575851393188854,Sunday,low,high,True
1503960366,2016-04-25,15355,2013,73,14,216,814,4.083333333333333,245,26.0,3.0,4.566666666666666,0.8941605839416058,Monday,low,high,False
1503960366,2016-04-27,18134,2159,78,11,243,1108,6.1,366,26.0,1.0,6.55,0.9312977099236641,Wednesday,moderate,high,False
1503960366,2016-04-28,13154,1898,48,28,189,782,5.683333333333334,341,13.0,0.0,5.9,0.963276836158192,Thursday,moderate,high,False
1503960366,2016-04-29,11181,1837,16,12,243,815,6.733333333333333,404,20.0,1.0,7.083333333333333,0.9505882352941177,Friday,moderate,high,False
1503960366,2016-04-30,14673,1947,52,34,217,712,6.15,369,22.0,5.0,6.6,0.9318181818181819,Saturday,moderate,high,True
1503960366,2016-05-01,10602,1820,33,35,246,730,4.616666666666666,277,26.0,6.0,5.15,0.8964401294498381,Sunday,low,high,True
1503960366,2016-05-02,14727,2004,41,15,277,798,4.55,273,20.0,3.0,4.933333333333334,0.9222972972972973,Monday,low,high,False
1503960366,2016-05-04,11100,1819,36,22,203,1179,4.116666666666666,247,16.0,1.0,4.4,0.9356060606060604,Wednesday,low,high,False
1503960366,2016-05-05,14070,1959,45,24,250,857,5.566666666666666,334,31.0,2.0,6.116666666666666,0.9100817438692098,Thursday,moderate,high,False
1503960366,2016-05-06,12159,1896,24,6,289,754,5.516666666666667,331,16.0,2.0,5.816666666666666,0.9484240687679083,Friday,moderate,high,False
1503960366,2016-05-07,11992,1821,37,46,175,833,9.9,594,16.0,1.0,10.183333333333334,0.972176759410802,Saturday,very high,high,True
1503960366,2016-05-08,10060,1740,44,8,203,574,5.633333333333334,338,4.0,0.0,5.7,0.9883040935672515,Sunday,moderate,high,True
1503960366,2016-05-09,12022,1819,46,11,206,835,6.383333333333334,383,19.0,1.0,6.716666666666667,0.9503722084367247,Monday,moderate,high,False
1503960366,2016-05-10,12207,1859,46,31,214,746,4.75,285,21.0,0.0,5.1,0.9313725490196079,Tuesday,low,high,False
1644430081,2016-04-29,3176,2498,0,0,120,1193,1.9833333333333334,119,8.0,0.0,2.1166666666666667,0.937007874015748,Friday,low,low,False
1644430081,2016-04-30,18213,3846,9,71,402,816,2.066666666666667,124,15.0,3.0,2.3666666666666667,0.8732394366197184,Saturday,low,high,True
1644430081,2016-05-08,6724,2987,0,0,295,991,2.283333333333333,137,14.0,3.0,2.566666666666667,0.8896103896103895,Sunday,low,moderate,True
1844505072,2016-04-09,4979,1807,0,0,184,620,8.3,498,344.0,119.0,16.016666666666666,0.5182101977107181,Saturday,high,low,True
1844505072,2016-04-14,7937,2130,0,0,373,843,10.733333333333333,644,220.0,80.0,15.733333333333333,0.6822033898305084,Thursday,very high,moderate,False
1844505072,2016-04-29,4920,1856,0,0,247,1082,10.633333333333333,638,121.0,72.0,13.85,0.7677496991576414,Friday,very high,low,False
1844505072,2016-04-30,4014,1763,0,0,184,218,10.35,621,274.0,143.0,17.3,0.5982658959537572,Saturday,very high,low,True
1927972279,2016-04-01,4317,2590,0,11,192,854,4.666666666666667,280,28.0,7.0,5.25,0.888888888888889,Friday,low,low,False
1927972279,2016-04-03,3198,2449,0,0,146,1183,9.533333333333333,572,21.0,1.0,9.9,0.9629629629629629,Sunday,very high,low,True
1927972279,2016-04-04,2352,2380,0,0,128,829,6.55,393,23.0,4.0,7.0,0.9357142857142857,Monday,moderate,low,False
1927972279,2016-04-05,2234,2344,0,0,108,912,6.9,414,14.0,1.0,7.15,0.965034965034965,Tuesday,moderate,low,False
1927972279,2016-04-09,2523,2443,0,9,134,1250,7.616666666666666,457,19.0,4.0,8.0,0.9520833333333333,Saturday,high,low,True
1927972279,2016-04-10,2105,2442,0,0,139,805,7.216666666666667,433,26.0,5.0,7.733333333333333,0.9331896551724138,Sunday,high,low,True
1927972279,2016-04-12,702,3162,0,0,58,895,8.816666666666666,529,19.0,7.0,9.25,0.9531531531531531,Tuesday,high,low,False
1927972279,2016-04-14,2163,2383,0,9,88,1292,7.916666666666667,475,24.0,0.0,8.316666666666666,0.9519038076152305,Thursday,high,low,False
1927972279,2016-04-25,152,2100,0,0,12,1303,4.933333333333334,296,19.0,0.0,5.25,0.9396825396825397,Monday,low,low,False
1927972279,2016-04-28,1675,2351,0,0,95,1167,2.533333333333333,152,8.0,0.0,2.6666666666666665,0.95,Thursday,low,low,False
2026352035,2016-04-01,2605,1407,0,0,166,729,8.583333333333334,515,47.0,7.0,9.483333333333333,0.905096660808436,Friday,high,low,False
2026352035,2016-04-02,1229,1237,0,0,69,795,8.8,528,43.0,9.0,9.666666666666666,0.910344827586207,Saturday,high,low,True
2026352035,2016-04-03,2308,1330,0,0,115,720,8.966666666666667,538,49.0,4.0,9.85,0.9103214890016921,Sunday,high,low,True
2026352035,2016-04-04,6679,1583,0,0,263,644,8.466666666666667,508,25.0,4.0,8.95,0.9459962756052143,Monday,high,moderate,False
2026352035,2016-04-05,5645,1538,0,0,248,621,8.183333333333334,491,43.0,7.0,9.016666666666667,0.9075785582255083,Tuesday,high,moderate,False
2026352035,2016-04-06,3180,1421,0,0,185,738,8.216666666666667,493,49.0,8.0,9.166666666666666,0.8963636363636365,Wednesday,high,low,False
2026352035,2016-04-07,2767,1392,0,0,170,673,8.5,510,36.0,4.0,9.166666666666666,0.9272727272727274,Thursday,high,low,False
2026352035,2016-04-08,3762,1425,0,0,173,719,8.6,516,39.0,6.0,9.35,0.9197860962566845,Friday,high,low,False
2026352035,2016-04-09,3098,1413,0,0,185,700,8.35,501,58.0,3.0,9.366666666666667,0.891459074733096,Saturday,high,low,True
2026352035,2016-04-10,5142,1515,0,0,230,654,8.483333333333333,509,45.0,0.0,9.233333333333333,0.9187725631768953,Sunday,high,moderate,True
2026352035,2016-04-12,5433,2059,3,8,245,929,8.85,531,29.0,5.0,9.416666666666666,0.9398230088495575,Tuesday,high,moderate,False
2026352035,2016-04-13,4993,1521,0,0,238,663,9.083333333333334,545,19.0,4.0,9.466666666666667,0.9595070422535211,Wednesday,very high,low,False
2026352035,2016-04-14,3335,1431,0,0,197,653,8.716666666666667,523,41.0,9.0,9.55,0.912739965095986,Thursday,high,low,False
2026352035,2016-04-15,3821,1444,0,0,188,687,8.733333333333333,524,39.0,4.0,9.45,0.9241622574955908,Friday,high,low,False
2026352035,2016-04-16,2547,1373,0,0,150,728,7.283333333333333,437,57.0,4.0,8.3,0.8775100401606425,Saturday,high,low,True
2026352035,2016-04-18,3325,1419,0,0,182,1062,8.3,498,37.0,5.0,9.0,0.9222222222222223,Monday,high,low,False
2026352035,2016-04-19,2424,1356,0,0,141,785,7.683333333333334,461,46.0,3.0,8.5,0.903921568627451,Tuesday,high,low,False
2026352035,2016-04-20,7222,1667,0,0,327,623,7.95,477,37.0,0.0,8.566666666666666,0.9280155642023347,Wednesday,high,moderate,False
2026352035,2016-04-21,2467,1370,0,0,153,749,8.666666666666666,520,25.0,0.0,9.083333333333334,0.9541284403669723,Thursday,high,low,False
2026352035,2016-04-22,2915,1399,0,0,162,712,8.7,522,26.0,6.0,9.233333333333333,0.9422382671480144,Friday,high,low,False
2026352035,2016-04-23,12357,1916,0,0,432,458,9.25,555,32.0,4.0,9.85,0.9390862944162437,Saturday,very high,high,True
2026352035,2016-04-24,3490,1401,0,0,164,704,8.433333333333334,506,20.0,5.0,8.85,0.952919020715631,Sunday,high,low,True
2026352035,2016-04-26,5933,1595,0,0,288,1018,8.466666666666667,508,36.0,1.0,9.083333333333334,0.9321100917431192,Tuesday,high,moderate,False
2026352035,2016-04-27,6088,1593,0,0,286,586,8.55,513,28.0,4.0,9.083333333333334,0.9412844036697248,Wednesday,high,moderate,False
2026352035,2016-04-28,6375,1649,0,0,331,626,8.166666666666666,490,16.0,4.0,8.5,0.9607843137254901,Thursday,high,moderate,False
2026352035,2016-04-29,7604,1692,0,0,352,492,9.55,573,29.0,5.0,10.116666666666667,0.9439868204283361,Friday,very high,moderate,False
2026352035,2016-04-30,4729,1506,0,0,233,594,8.783333333333333,527,15.0,4.0,9.1,0.9652014652014652,Saturday,high,low,True
2026352035,2016-05-01,3609,1447,0,0,191,716,8.516666666666667,511,28.0,4.0,9.05,0.9410681399631676,Sunday,high,low,True
2026352035,2016-05-03,5992,1604,0,0,304,981,8.966666666666667,538,21.0,1.0,9.333333333333334,0.9607142857142856,Tuesday,high,moderate,False
2026352035,2016-05-04,6564,1658,0,0,345,530,7.8,468,17.0,0.0,8.083333333333334,0.9649484536082473,Wednesday,high,moderate,False
2026352035,2016-05-05,12167,1926,0,0,475,479,8.733333333333333,524,23.0,1.0,9.133333333333333,0.9562043795620437,Thursday,high,high,False
2026352035,2016-05-06,8198,1736,0,0,383,511,8.516666666666667,511,9.0,1.0,8.683333333333334,0.980806142034549,Friday,high,moderate,False
2026352035,2016-05-07,4193,1491,0,0,229,665,9.016666666666667,541,24.0,3.0,9.466666666666667,0.9524647887323945,Saturday,very high,low,True
2026352035,2016-05-08,5528,1555,0,0,258,610,8.85,531,23.0,2.0,9.266666666666667,0.9550359712230214,Sunday,high,moderate,True
2026352035,2016-05-09,10685,1869,0,0,401,543,5.95,357,19.0,4.0,6.333333333333333,0.9394736842105263,Monday,moderate,high,False
2026352035,2016-05-10,254,1141,0,0,17,1002,8.716666666666667,523,28.0,2.0,9.216666666666667,0.945750452079566,Tuesday,high,low,False
2026352035,2016-05-11,8580,1698,0,0,330,569,7.6,456,25.0,4.0,8.083333333333334,0.9402061855670102,Wednesday,high,moderate,False
2320127002,2016-04-23,5079,1804,0,0,242,1129,1.0166666666666666,61,4.0,4.0,1.15,0.8840579710144928,Saturday,low,moderate,True
2347167796,2016-03-29,10272,2041,2,58,208,700,8.166666666666666,490,36.0,3.0,8.816666666666666,0.9262759924385633,Tuesday,high,high,False
2347167796,2016-03-30,10533,2187,21,35,255,615,8.1,486,38.0,10.0,8.9,0.9101123595505617,Wednesday,high,high,False
2347167796,2016-03-31,6760,1929,0,0,250,613,8.25,495,32.0,2.0,8.816666666666666,0.9357277882797732,Thursday,high,moderate,False
2347167796,2016-04-01,8328,1935,0,33,212,804,6.9,414,35.0,10.0,7.65,0.9019607843137255,Friday,moderate,moderate,False
2347167796,2016-04-02,15459,2438,51,16,327,583,7.35,441,24.0,13.0,7.966666666666667,0.9225941422594142,Saturday,high,high,True
2347167796,2016-04-03,7485,2035,0,0,324,491,8.416666666666666,505,39.0,6.0,9.166666666666666,0.9181818181818182,Sunday,high,moderate,True
2347167796,2016-04-04,10254,2099,21,25,231,638,7.883333333333334,473,58.0,5.0,8.933333333333334,0.8824626865671642,Monday,high,high,False
2347167796,2016-04-05,10114,2096,18,9,269,696,6.7,402,50.0,11.0,7.716666666666667,0.8682505399568035,Tuesday,moderate,high,False
2347167796,2016-04-07,10320,2338,15,32,315,1002,7.5,450,27.0,4.0,8.016666666666667,0.9355509355509355,Thursday,high,high,False
2347167796,2016-04-09,16081,2488,16,32,401,970,8.6,516,41.0,6.0,9.383333333333333,0.91651865008881,Saturday,high,high,True
2347167796,2016-04-10,10078,2164,12,3,303,463,7.6,456,52.0,8.0,8.6,0.8837209302325582,Sunday,high,high,True
2347167796,2016-04-12,10113,2743,28,13,320,1389,7.783333333333333,467,60.0,4.0,8.85,0.8794726930320151,Tuesday,high,high,False
2347167796,2016-04-13,10352,2038,19,32,195,676,7.416666666666667,445,41.0,3.0,8.15,0.9100204498977505,Wednesday,high,high,False
2347167796,2016-04-14,10129,2010,1,48,206,705,7.533333333333333,452,49.0,3.0,8.4,0.8968253968253967,Thursday,high,high,False
2347167796,2016-04-16,22244,2670,66,72,268,968,9.266666666666667,556,43.0,3.0,10.033333333333333,0.9235880398671097,Saturday,very high,,True
2347167796,2016-04-17,5472,1882,1,7,249,508,8.333333333333334,500,51.0,6.0,9.283333333333333,0.8976660682226213,Sunday,high,moderate,True
2347167796,2016-04-18,8247,1944,11,16,206,678,7.75,465,44.0,5.0,8.566666666666666,0.9046692607003891,Monday,high,moderate,False
2347167796,2016-04-20,10999,2198,11,43,269,1011,7.666666666666667,460,24.0,0.0,8.066666666666666,0.9504132231404959,Wednesday,high,high,False
2347167796,2016-04-21,10080,2048,23,26,208,761,6.75,405,49.0,7.0,7.683333333333334,0.878524945770065,Thursday,moderate,high,False
2347167796,2016-04-22,7804,1946,9,27,206,781,6.233333333333333,374,12.0,0.0,6.433333333333334,0.9689119170984456,Friday,moderate,moderate,False
2347167796,2016-04-23,16901,2629,32,35,360,591,7.366666666666666,442,17.0,0.0,7.65,0.9629629629629629,Saturday,high,high,True
2347167796,2016-04-24,9471,2187,0,0,360,584,7.216666666666667,433,35.0,3.0,7.85,0.9193205944798302,Sunday,high,moderate,True
2347167796,2016-04-25,9482,2095,15,11,277,653,7.266666666666667,436,52.0,2.0,8.166666666666666,0.889795918367347,Monday,high,moderate,False
2347167796,2016-04-26,5980,1861,0,0,227,732,7.466666666666667,448,48.0,3.0,8.316666666666666,0.8977955911823647,Tuesday,high,moderate,False
2347167796,2016-04-27,11423,2194,26,9,295,623,6.8,408,38.0,4.0,7.5,0.9066666666666666,Wednesday,moderate,high,False
2347167796,2016-04-28,5439,1854,0,0,229,764,6.85,411,59.0,3.0,7.883333333333334,0.86892177589852,Thursday,moderate,moderate,False
3977333714,2016-04-01,4499,1288,0,0,168,842,3.316666666666667,199,89.0,2.0,4.833333333333333,0.6862068965517242,Friday,low,low,False
3977333714,2016-04-02,7618,1490,0,6,302,842,3.7,222,129.0,8.0,5.983333333333333,0.6183844011142061,Saturday,low,moderate,True
3977333714,2016-04-03,11508,1630,29,22,282,748,3.4166666666666665,205,168.0,1.0,6.233333333333333,0.5481283422459893,Sunday,low,high,True
3977333714,2016-04-04,11943,1648,16,43,297,710,6.3,378,106.0,2.0,8.1,0.7777777777777778,Monday,moderate,high,False
3977333714,2016-04-05,12303,1649,26,32,291,605,4.933333333333334,296,130.0,0.0,7.1,0.6948356807511737,Tuesday,low,high,False
3977333714,2016-04-06,15425,1783,24,45,331,614,3.683333333333333,221,175.0,9.0,6.75,0.545679012345679,Wednesday,low,high,False
3977333714,2016-04-07,8422,1431,0,81,139,815,5.083333333333333,305,173.0,2.0,8.0,0.6354166666666666,Thursday,moderate,moderate,False
3977333714,2016-04-08,10226,1524,0,101,174,685,4.55,273,141.0,4.0,6.966666666666667,0.6531100478468899,Friday,low,high,False
3977333714,2016-04-09,14583,1697,35,36,254,697,4.883333333333334,293,159.0,0.0,7.533333333333333,0.6482300884955753,Saturday,low,high,True
3977333714,2016-04-10,3573,1232,15,8,99,866,4.7,282,126.0,7.0,6.916666666666667,0.6795180722891566,Sunday,low,low,True
3977333714,2016-04-11,3108,1223,1,1,129,894,4.566666666666666,274,182.0,13.0,7.816666666666666,0.5842217484008528,Monday,low,low,False
3977333714,2016-04-12,9615,1632,44,19,148,964,4.416666666666667,265,124.0,6.0,6.583333333333333,0.6708860759493671,Tuesday,low,moderate,False
3977333714,2016-04-13,10035,1495,31,46,153,754,5.35,321,132.0,5.0,7.633333333333334,0.7008733624454148,Wednesday,moderate,high,False
3977333714,2016-04-14,7641,1433,5,23,214,801,7.066666666666666,424,130.0,2.0,9.266666666666667,0.7625899280575539,Thursday,high,moderate,False
3977333714,2016-04-15,9010,1468,15,42,183,644,4.716666666666667,283,227.0,0.0,8.5,0.5549019607843138,Friday,low,moderate,False
3977333714,2016-04-16,13459,1625,31,83,153,663,6.35,381,181.0,4.0,9.433333333333334,0.6731448763250882,Saturday,moderate,high,True
3977333714,2016-04-17,10415,1529,11,58,205,600,5.783333333333333,347,98.0,2.0,7.45,0.7762863534675615,Sunday,moderate,high,True
3977333714,2016-04-18,11663,1584,4,95,214,605,4.733333333333333,284,181.0,5.0,7.833333333333333,0.6042553191489362,Monday,low,high,False
3977333714,2016-04-19,12414,1638,19,67,221,738,1.9833333333333334,119,119.0,7.0,4.083333333333333,0.48571428571428577,Tuesday,low,high,False
3977333714,2016-04-20,11658,1554,2,98,164,845,6.083333333333333,365,203.0,4.0,9.533333333333333,0.6381118881118881,Wednesday,moderate,high,False
3977333714,2016-04-21,6093,1397,0,0,242,712,5.916666666666667,355,120.0,1.0,7.933333333333334,0.7457983193277311,Thursday,moderate,moderate,False
3977333714,2016-04-22,8911,1481,33,12,188,731,3.9166666666666665,235,136.0,1.0,6.2,0.6317204301075269,Friday,low,moderate,False
3977333714,2016-04-23,12058,1638,0,92,252,724,5.166666666666667,310,214.0,2.0,8.766666666666667,0.5893536121673003,Saturday,moderate,high,True
3977333714,2016-04-24,14112,1655,30,95,129,660,4.366666666666666,262,201.0,4.0,7.783333333333333,0.5610278372591005,Sunday,low,high,True
3977333714,2016-04-25,11177,1570,50,9,133,781,4.166666666666667,250,119.0,2.0,6.183333333333334,0.6738544474393531,Monday,low,high,False
3977333714,2016-04-26,11388,1551,7,95,170,797,5.816666666666666,349,186.0,5.0,9.0,0.6462962962962963,Tuesday,moderate,high,False
3977333714,2016-04-27,7193,1377,0,10,176,714,4.35,261,155.0,7.0,7.05,0.6170212765957447,Wednesday,low,moderate,False
3977333714,2016-04-28,7114,1407,15,8,190,804,5.55,333,145.0,0.0,7.966666666666667,0.696652719665272,Thursday,moderate,moderate,False
3977333714,2016-04-29,10645,1545,36,32,150,744,3.95,237,144.0,1.0,6.366666666666666,0.6204188481675393,Friday,low,high,False
3977333714,2016-04-30,13238,1650,43,52,194,687,6.383333333333334,383,234.0,9.0,10.433333333333334,0.6118210862619808,Saturday,moderate,high,True
3977333714,2016-05-01,10414,1501,41,40,124,691,3.8333333333333335,230,146.0,8.0,6.4,0.5989583333333334,Sunday,low,high,True
3977333714,2016-05-02,16520,1760,24,143,176,713,4.866666666666666,292,200.0,8.0,8.333333333333334,0.584,Monday,low,high,False
3977333714,2016-05-03,14335,1710,47,41,258,594,3.55,213,120.0,3.0,5.6,0.6339285714285714,Tuesday,low,high,False
3977333714,2016-05-04,13559,1628,14,96,142,852,5.3,318,160.0,2.0,8.0,0.6625,Wednesday,moderate,high,False
3977333714,2016-05-05,12312,1618,14,88,178,680,5.383333333333334,323,183.0,6.0,8.533333333333333,0.6308593750000001,Thursday,moderate,high,False
3977333714,2016-05-06,11677,1590,29,55,168,676,3.95,237,205.0,1.0,7.383333333333334,0.5349887133182845,Friday,low,high,False
3977333714,2016-05-07,11550,1574,0,86,208,703,4.166666666666667,250,145.0,0.0,6.583333333333333,0.6329113924050633,Saturday,low,high,True
3977333714,2016-05-09,14687,1667,8,122,151,1159,5.2,312,135.0,5.0,7.533333333333333,0.6902654867256638,Monday,moderate,high,False
4020332650,2016-03-12,5543,2990,0,0,254,757,9.383333333333333,563,29.0,9.0,10.016666666666667,0.9367720465890181,Saturday,very high,moderate,True
4020332650,2016-03-13,3226,2480,0,0,136,771,4.416666666666667,265,24.0,1.0,4.833333333333333,0.913793103448276,Sunday,low,low,True
4020332650,2016-03-14,3023,2570,0,0,145,1005,5.516666666666667,331,5.0,5.0,5.683333333333334,0.970674486803519,Monday,moderate,low,False
4020332650,2016-03-15,5906,3016,0,10,215,874,7.65,459,29.0,5.0,8.216666666666667,0.9310344827586208,Tuesday,high,moderate,False
4020332650,2016-03-16,12483,3830,25,14,309,599,6.233333333333333,374,31.0,2.0,6.783333333333333,0.918918918918919,Wednesday,moderate,high,False
4020332650,2016-03-29,4152,2976,0,0,187,1253,6.1,366,19.0,2.0,6.45,0.945736434108527,Tuesday,moderate,low,False
4020332650,2016-03-30,5400,3418,0,0,258,795,4.316666666666666,259,5.0,4.0,4.466666666666667,0.9664179104477612,Wednesday,low,moderate,False
4020332650,2016-03-31,7428,3439,18,33,261,860,6.716666666666667,403,16.0,3.0,7.033333333333333,0.9549763033175356,Thursday,moderate,moderate,False
4020332650,2016-04-01,5351,3338,15,17,210,748,8.75,525,10.0,1.0,8.933333333333334,0.9794776119402985,Friday,high,moderate,False
4020332650,2016-04-02,4299,2892,3,15,162,752,6.45,387,5.0,7.0,6.65,0.9699248120300752,Saturday,moderate,low,True
4020332650,2016-04-03,6107,3313,0,0,265,776,7.716666666666667,463,12.0,3.0,7.966666666666667,0.9686192468619247,Sunday,high,moderate,True
4020332650,2016-04-05,6880,2966,7,19,165,1249,4.083333333333333,245,5.0,7.0,4.283333333333333,0.9533073929961089,Tuesday,low,moderate,False
4020332650,2016-04-10,5129,2817,5,7,176,1178,8.333333333333334,500,7.0,5.0,8.533333333333333,0.9765625000000001,Sunday,high,moderate,True
4020332650,2016-04-11,2993,2507,0,0,114,888,8.35,501,33.0,7.0,9.016666666666667,0.9260628465804065,Monday,high,low,False
4020332650,2016-04-15,1882,2951,36,18,87,1299,1.2833333333333334,77,0.0,0.0,1.2833333333333334,1.0,Friday,low,low,False
4020332650,2016-05-02,475,2207,0,11,31,1350,5.366666666666666,322,5.0,5.0,5.533333333333333,0.9698795180722891,Monday,moderate,low,False
4020332650,2016-05-03,4496,2828,0,0,174,950,7.966666666666667,478,27.0,31.0,8.933333333333334,0.8917910447761194,Tuesday,high,low,False
4020332650,2016-05-04,10252,3879,13,46,346,531,3.7666666666666666,226,18.0,4.0,4.133333333333334,0.911290322580645,Wednesday,low,high,False
4020332650,2016-05-05,11728,3429,38,42,196,916,6.416666666666667,385,17.0,6.0,6.8,0.9436274509803922,Thursday,moderate,high,False
4020332650,2016-05-07,6132,2975,0,0,184,1256,6.066666666666666,364,20.0,18.0,6.7,0.9054726368159204,Saturday,moderate,moderate,True
4020332650,2016-05-09,4556,2785,3,5,173,1225,7.366666666666666,442,34.0,18.0,8.233333333333333,0.8947368421052632,Monday,high,low,False
4319703577,2016-03-29,5643,1958,3,8,199,683,10.666666666666666,640,32.0,8.0,11.333333333333334,0.9411764705882352,Tuesday,very high,moderate,False
4319703577,2016-03-31,8144,2129,4,17,247,1125,7.716666666666667,463,23.0,1.0,8.116666666666667,0.9507186858316221,Thursday,high,moderate,False
4319703577,2016-04-01,9343,2216,14,20,268,654,8.55,513,15.0,0.0,8.8,0.9715909090909091,Friday,high,moderate,False
4319703577,2016-04-02,8405,2154,15,4,257,621,9.483333333333333,569,10.0,0.0,9.65,0.9827288428324696,Saturday,very high,moderate,True
4319703577,2016-04-03,8223,2178,12,37,257,551,7.6,456,20.0,0.0,7.933333333333334,0.9579831932773109,Sunday,high,moderate,True
4319703577,2016-04-04,10067,2308,5,39,313,578,7.766666666666667,466,23.0,7.0,8.266666666666667,0.939516129032258,Monday,high,high,False
4319703577,2016-04-06,10946,2341,8,51,308,569,7.866666666666666,472,26.0,1.0,8.316666666666666,0.9458917835671342,Wednesday,high,high,False
4319703577,2016-04-13,8204,2135,8,15,96,1234,8.916666666666666,535,21.0,1.0,9.283333333333333,0.9605026929982046,Wednesday,high,moderate,False
4319703577,2016-04-14,10210,2302,1,9,339,589,7.75,465,24.0,2.0,8.183333333333334,0.9470468431771893,Thursday,high,high,False
4319703577,2016-04-15,5664,1985,0,0,228,752,8.433333333333334,506,15.0,1.0,8.7,0.9693486590038315,Friday,high,moderate,False
4319703577,2016-04-17,29,1464,0,0,3,1363,8.583333333333334,515,27.0,9.0,9.183333333333334,0.9346642468239564,Sunday,high,low,True
4319703577,2016-04-18,2276,1632,1,9,58,824,7.683333333333334,461,29.0,8.0,8.3,0.9257028112449799,Monday,high,low,False
4319703577,2016-04-19,8925,2200,0,0,311,604,8.716666666666667,523,10.0,10.0,9.05,0.9631675874769797,Tuesday,high,moderate,False
4319703577,2016-04-21,3702,1792,0,0,34,1265,9.866666666666667,592,20.0,3.0,10.25,0.9626016260162602,Thursday,very high,low,False
4319703577,2016-04-22,4500,1886,1,19,176,709,11.533333333333333,692,26.0,4.0,12.033333333333333,0.9584487534626038,Friday,very high,low,False
4319703577,2016-04-23,4935,1945,0,0,233,546,7.783333333333333,467,29.0,5.0,8.35,0.9321357285429142,Saturday,high,low,True
4319703577,2016-04-24,4081,1880,1,5,191,692,8.133333333333333,488,17.0,1.0,8.433333333333334,0.9644268774703556,Sunday,high,low,True
4319703577,2016-04-25,9259,2314,0,8,390,544,8.416666666666666,505,10.0,1.0,8.6,0.9786821705426356,Monday,high,moderate,False
4319703577,2016-04-26,9899,2236,8,21,288,649,4.766666666666667,286,21.0,0.0,5.116666666666666,0.9315960912052118,Tuesday,low,moderate,False
4319703577,2016-04-27,10780,2324,6,47,300,680,8.283333333333333,497,17.0,8.0,8.7,0.9521072796934866,Wednesday,high,high,False
4319703577,2016-04-28,10817,2367,13,8,359,552,8.716666666666667,523,19.0,4.0,9.1,0.9578754578754579,Thursday,high,high,False
4319703577,2016-04-29,7990,2175,6,18,289,624,8.166666666666666,490,22.0,4.0,8.6,0.9496124031007752,Friday,high,moderate,False
4319703577,2016-04-30,8221,2092,6,38,196,695,8.066666666666666,484,13.0,3.0,8.333333333333334,0.9679999999999999,Saturday,high,moderate,True
4319703577,2016-05-01,1251,1593,0,0,67,836,7.966666666666667,478,25.0,3.0,8.433333333333334,0.9446640316205533,Sunday,high,low,True
4319703577,2016-05-02,9261,2270,0,11,344,585,7.9,474,37.0,1.0,8.533333333333333,0.92578125,Monday,high,moderate,False
4319703577,2016-05-05,13658,2530,27,34,328,957,7.5,450,35.0,6.0,8.183333333333334,0.9164969450101833,Thursday,high,high,False
4319703577,2016-05-06,9524,2266,6,11,314,692,8.45,507,20.0,3.0,8.833333333333334,0.9566037735849056,Friday,high,moderate,False
4319703577,2016-05-07,7937,2158,3,28,279,586,10.033333333333333,602,34.0,2.0,10.633333333333333,0.9435736677115988,Saturday,very high,moderate,True
4319703577,2016-05-08,3672,1792,0,0,153,603,8.916666666666666,535,28.0,2.0,9.416666666666666,0.9469026548672567,Sunday,high,low,True
4319703577,2016-05-09,10378,2345,2,14,374,490,8.116666666666667,487,27.0,3.0,8.616666666666667,0.941972920696325,Monday,high,high,False
4319703577,2016-05-10,9487,2260,3,12,329,555,8.816666666666666,529,29.0,0.0,9.3,0.9480286738351253,Tuesday,high,moderate,False
4319703577,2016-05-11,9129,2232,3,18,311,574,5.033333333333333,302,18.0,1.0,5.35,0.940809968847352,Wednesday,moderate,moderate,False
4388161847,2016-04-14,8863,2998,10,35,219,945,8.316666666666666,499,17.0,10.0,8.766666666666667,0.9486692015209124,Thursday,high,moderate,False
4388161847,2016-04-15,8758,3066,0,0,299,837,6.216666666666667,373,13.0,2.0,6.466666666666667,0.961340206185567,Friday,moderate,moderate,False
4388161847,2016-04-16,6580,3073,6,9,253,609,8.983333333333333,539,24.0,2.0,9.416666666666666,0.9539823008849557,Saturday,high,moderate,True
4388161847,2016-04-17,4660,2572,0,0,201,721,2.216666666666667,133,2.0,1.0,2.2666666666666666,0.9779411764705883,Sunday,low,low,True
4388161847,2016-04-18,11009,3274,27,8,239,1017,7.133333333333334,428,10.0,4.0,7.366666666666666,0.9683257918552037,Monday,high,high,False
4388161847,2016-04-19,10181,3015,20,16,249,704,7.016666666666667,421,26.0,4.0,7.516666666666667,0.9334811529933481,Tuesday,high,high,False
4388161847,2016-04-20,10553,3083,19,42,228,696,7.366666666666666,442,16.0,0.0,7.633333333333334,0.965065502183406,Wednesday,high,high,False
4388161847,2016-04-22,12139,3544,77,25,220,945,9.333333333333334,560,22.0,4.0,9.766666666666667,0.9556313993174061,Friday,very high,high,False
4388161847,2016-04-23,13236,3306,58,5,215,749,7.333333333333333,440,35.0,2.0,7.95,0.9224318658280922,Saturday,high,high,True
4388161847,2016-04-24,10243,2885,14,8,239,584,1.8666666666666667,112,1.0,5.0,1.9666666666666666,0.9491525423728814,Sunday,low,high,True
4388161847,2016-04-25,12961,3288,11,31,301,1054,5.316666666666666,319,27.0,0.0,5.766666666666667,0.9219653179190751,Monday,moderate,high,False
4388161847,2016-04-26,9461,2929,14,23,224,673,7.683333333333334,461,37.0,2.0,8.333333333333334,0.9219999999999999,Tuesday,high,moderate,False
4388161847,2016-04-27,11193,3074,11,48,241,684,7.133333333333334,428,26.0,4.0,7.633333333333334,0.9344978165938864,Wednesday,high,high,False
4388161847,2016-04-29,9232,2979,13,16,236,1175,5.316666666666666,319,20.0,0.0,5.65,0.9410029498525073,Friday,moderate,moderate,False
4388161847,2016-04-30,12533,3283,14,43,300,537,10.633333333333333,638,42.0,8.0,11.466666666666667,0.9273255813953488,Saturday,very high,high,True
4388161847,2016-05-01,10255,2926,12,15,241,579,6.133333333333334,368,3.0,5.0,6.266666666666667,0.9787234042553192,Sunday,moderate,high,True
4388161847,2016-05-03,12727,3290,18,18,306,984,6.5,390,21.0,3.0,6.9,0.9420289855072463,Tuesday,moderate,high,False
4388161847,2016-05-04,12375,3162,35,21,251,632,7.85,471,18.0,6.0,8.25,0.9515151515151514,Wednesday,high,high,False
4388161847,2016-05-06,13175,3425,33,45,262,1100,7.866666666666666,472,24.0,0.0,8.266666666666667,0.9516129032258063,Friday,high,high,False
4388161847,2016-05-07,22770,4022,120,56,260,508,8.133333333333333,488,10.0,2.0,8.333333333333334,0.9759999999999999,Saturday,high,,True
4388161847,2016-05-09,10218,3013,6,19,258,1020,7.033333333333333,422,16.0,2.0,7.333333333333333,0.9590909090909091,Monday,high,high,False
4388161847,2016-05-10,10299,3061,13,14,267,648,7.9,474,17.0,3.0,8.233333333333333,0.959514170040486,Tuesday,high,high,False
4445114986,2016-03-30,2600,2032,0,0,163,1277,6.0,360,49.0,7.0,6.933333333333334,0.8653846153846153,Wednesday,moderate,low,False
4445114986,2016-03-31,4804,2227,0,0,238,786,5.183333333333334,311,23.0,3.0,5.616666666666666,0.9228486646884274,Thursday,moderate,low,False
4445114986,2016-04-01,3271,2133,0,0,205,898,7.816666666666666,469,24.0,2.0,8.25,0.9474747474747475,Friday,high,low,False
4445114986,2016-04-04,2422,1935,0,0,110,1330,7.75,465,24.0,7.0,8.266666666666667,0.9374999999999999,Monday,high,low,False
4445114986,2016-04-05,4239,2217,1,6,235,702,7.183333333333334,431,16.0,3.0,7.5,0.9577777777777778,Tuesday,high,low,False
4445114986,2016-04-06,6911,2374,28,2,215,745,4.366666666666666,262,3.0,3.0,4.466666666666667,0.9776119402985074,Wednesday,low,moderate,False
4445114986,2016-04-07,6667,2335,24,1,208,939,3.65,219,10.0,4.0,3.8833333333333333,0.9399141630901288,Thursday,low,moderate,False
4445114986,2016-04-08,5543,2303,0,0,266,941,6.516666666666667,391,47.0,5.0,7.383333333333334,0.8826185101580135,Friday,moderate,moderate,False
4445114986,2016-04-09,4195,2210,0,0,239,758,5.783333333333333,347,17.0,5.0,6.15,0.9403794037940378,Saturday,moderate,low,True
4445114986,2016-04-10,6625,2424,0,0,316,755,6.583333333333333,395,28.0,5.0,7.133333333333334,0.9228971962616821,Sunday,moderate,moderate,True
4445114986,2016-04-12,3554,2858,0,0,216,1040,6.166666666666667,370,29.0,7.0,6.766666666666667,0.9113300492610837,Tuesday,moderate,low,False
4445114986,2016-04-13,2961,2095,0,0,194,840,7.35,441,48.0,3.0,8.2,0.8963414634146342,Wednesday,high,low,False
4445114986,2016-04-14,3974,2194,0,0,231,717,5.616666666666666,337,31.0,11.0,6.316666666666666,0.8891820580474934,Thursday,moderate,low,False
4445114986,2016-04-15,7198,2496,0,0,350,711,7.7,462,29.0,8.0,8.316666666666666,0.9258517034068137,Friday,high,moderate,False
4445114986,2016-04-16,3945,2180,0,0,225,716,1.6333333333333333,98,6.0,3.0,1.7833333333333334,0.9158878504672896,Saturday,low,low,True
4445114986,2016-04-18,6155,2248,25,6,162,1247,6.466666666666667,388,29.0,7.0,7.066666666666666,0.9150943396226415,Monday,moderate,moderate,False
4445114986,2016-04-19,2064,1954,0,0,121,895,7.316666666666666,439,20.0,3.0,7.7,0.9502164502164502,Tuesday,high,low,False
4445114986,2016-04-20,2072,1974,0,0,137,841,7.266666666666667,436,28.0,5.0,7.816666666666666,0.929637526652452,Wednesday,high,low,False
4445114986,2016-04-21,3809,2150,0,0,215,756,6.466666666666667,388,21.0,8.0,6.95,0.9304556354916067,Thursday,moderate,low,False
4445114986,2016-04-24,5002,2247,0,0,244,1196,5.483333333333333,329,9.0,7.0,5.75,0.9536231884057971,Sunday,moderate,moderate,True
4445114986,2016-04-25,3385,2070,0,0,179,916,5.883333333333334,353,32.0,6.0,6.516666666666667,0.9028132992327367,Monday,moderate,low,False
4445114986,2016-04-26,6326,2291,29,1,180,839,5.533333333333333,332,37.0,5.0,6.233333333333333,0.8877005347593583,Tuesday,moderate,moderate,False
4445114986,2016-04-27,7243,2361,32,1,194,839,6.983333333333333,419,17.0,6.0,7.366666666666666,0.9479638009049774,Wednesday,moderate,moderate,False
4445114986,2016-04-28,4493,2203,0,0,236,762,1.7666666666666666,106,2.0,0.0,1.8,0.9814814814814814,Thursday,low,low,False
4445114986,2016-04-29,4676,2196,0,0,226,1106,5.366666666666666,322,25.0,6.0,5.883333333333334,0.9121813031161472,Friday,moderate,low,False
4445114986,2016-04-30,6222,2363,0,0,290,797,7.316666666666666,439,15.0,5.0,7.65,0.9564270152505446,Saturday,high,moderate,True
4445114986,2016-05-01,5232,2246,0,0,240,741,8.383333333333333,503,34.0,5.0,9.033333333333333,0.9280442804428044,Sunday,high,moderate,True
4445114986,2016-05-02,6910,2336,27,4,200,667,6.95,417,31.0,2.0,7.5,0.9266666666666666,Monday,moderate,moderate,False
4445114986,2016-05-03,7502,2421,30,2,233,725,5.616666666666666,337,18.0,8.0,6.05,0.9283746556473829,Tuesday,moderate,moderate,False
4445114986,2016-05-04,2923,2070,0,0,180,897,7.7,462,42.0,9.0,8.55,0.9005847953216374,Wednesday,high,low,False
4445114986,2016-05-05,3800,2120,2,6,185,734,6.233333333333333,374,23.0,5.0,6.7,0.9303482587064676,Thursday,moderate,low,False
4445114986,2016-05-06,4514,2211,0,0,229,809,4.0,240,15.0,10.0,4.416666666666667,0.9056603773584905,Friday,low,low,False
4445114986,2016-05-07,5183,2123,26,4,108,866,8.7,522,35.0,5.0,9.366666666666667,0.9288256227758006,Saturday,high,moderate,True
4445114986,2016-05-08,7303,2423,0,8,308,733,7.616666666666666,457,60.0,16.0,8.883333333333333,0.8574108818011257,Sunday,high,moderate,True
4445114986,2016-05-09,5275,2281,0,0,266,641,6.75,405,14.0,7.0,7.1,0.9507042253521127,Monday,moderate,moderate,False
4445114986,2016-05-10,3915,2181,0,0,231,783,8.35,501,25.0,4.0,8.833333333333334,0.9452830188679244,Tuesday,high,low,False
4445114986,2016-05-11,9105,2499,34,22,232,622,8.05,483,13.0,5.0,8.35,0.9640718562874253,Wednesday,high,moderate,False
4558609924,2016-04-02,3183,1680,0,0,173,1180,6.0,360,4.0,0.0,6.066666666666666,0.989010989010989,Saturday,moderate,low,True
4558609924,2016-04-20,4803,1788,0,0,222,1218,2.1,126,6.0,5.0,2.283333333333333,0.9197080291970804,Wednesday,low,low,False
4558609924,2016-04-25,8095,2225,18,10,340,993,1.7166666666666666,103,15.0,3.0,2.0166666666666666,0.8512396694214875,Monday,low,moderate,False
4558609924,2016-04-28,9451,2185,1,11,367,985,2.85,171,7.0,1.0,2.9833333333333334,0.9553072625698324,Thursday,low,moderate,False
4558609924,2016-05-01,3428,1692,0,0,190,1121,1.9166666666666667,115,10.0,4.0,2.15,0.8914728682170543,Sunday,low,low,True
4558609924,2016-05-07,8237,1973,23,16,233,1116,2.05,123,11.0,0.0,2.2333333333333334,0.9179104477611939,Saturday,low,moderate,True
4702921684,2016-03-29,6506,2886,4,5,241,760,6.75,405,18.0,9.0,7.2,0.9375,Tuesday,moderate,moderate,False
4702921684,2016-03-30,7583,2915,3,13,227,742,7.45,447,7.0,3.0,7.616666666666666,0.9781181619256019,Wednesday,high,moderate,False
4702921684,2016-03-31,6963,2895,0,0,256,759,6.633333333333334,398,17.0,0.0,6.916666666666667,0.9590361445783133,Thursday,moderate,moderate,False
4702921684,2016-04-01,7165,2923,0,9,248,708,9.0,540,21.0,5.0,9.433333333333334,0.9540636042402827,Friday,high,moderate,False
4702921684,2016-04-02,10328,3323,0,32,367,475,9.466666666666667,568,20.0,1.0,9.816666666666666,0.9643463497453311,Saturday,very high,high,True
4702921684,2016-04-03,12116,3357,3,57,323,471,7.416666666666667,445,36.0,0.0,8.016666666666667,0.9251559251559252,Sunday,high,high,True
4702921684,2016-04-04,7810,2931,6,27,216,746,6.75,405,33.0,3.0,7.35,0.9183673469387755,Monday,moderate,moderate,False
4702921684,2016-04-05,6670,2848,15,16,199,770,7.183333333333334,431,15.0,3.0,7.483333333333333,0.9599109131403119,Tuesday,high,moderate,False
4702921684,2016-04-06,7605,2943,4,4,248,708,7.55,453,7.0,7.0,7.783333333333333,0.9700214132762313,Wednesday,high,moderate,False
4702921684,2016-04-07,6585,2822,0,0,210,770,7.316666666666666,439,30.0,0.0,7.816666666666666,0.9360341151385928,Thursday,high,moderate,False
4702921684,2016-04-08,8184,2981,0,15,247,808,6.9,414,19.0,0.0,7.216666666666667,0.956120092378753,Friday,moderate,moderate,False
4702921684,2016-04-09,14002,3597,8,56,381,407,8.183333333333334,491,110.0,56.0,10.95,0.7473363774733639,Saturday,high,high,True
4702921684,2016-04-10,11135,3224,1,25,331,528,6.366666666666666,382,5.0,0.0,6.45,0.9870801033591731,Sunday,moderate,high,True
4702921684,2016-04-11,6499,2677,0,0,207,809,7.083333333333333,425,14.0,0.0,7.316666666666666,0.9681093394077449,Monday,high,moderate,False
4702921684,2016-04-12,7213,2947,0,0,263,2158,6.666666666666667,400,27.0,3.0,7.166666666666667,0.9302325581395349,Tuesday,moderate,moderate,False
4702921684,2016-04-13,6877,2898,0,0,258,777,6.4,384,31.0,0.0,6.916666666666667,0.9253012048192771,Wednesday,moderate,moderate,False
4702921684,2016-04-14,7860,2984,0,0,271,772,4.216666666666667,253,4.0,0.0,4.283333333333333,0.9844357976653697,Thursday,low,moderate,False
4702921684,2016-04-15,6506,2896,1,8,256,944,6.366666666666666,382,22.0,2.0,6.766666666666667,0.9408866995073891,Friday,moderate,moderate,False
4702921684,2016-04-16,11140,3328,3,24,335,556,9.85,591,21.0,0.0,10.2,0.9656862745098039,Saturday,very high,high,True
4702921684,2016-04-17,12692,3394,12,66,302,437,4.883333333333334,293,16.0,3.0,5.2,0.9391025641025641,Sunday,low,high,True
4702921684,2016-04-18,9105,3013,22,30,191,890,7.616666666666666,457,30.0,0.0,8.116666666666667,0.9383983572895276,Monday,high,moderate,False
4702921684,2016-04-19,6708,2812,10,8,179,757,7.566666666666666,454,14.0,0.0,7.8,0.9700854700854701,Tuesday,high,moderate,False
4702921684,2016-04-20,8793,3061,2,29,260,717,7.083333333333333,425,9.0,0.0,7.233333333333333,0.9792626728110598,Wednesday,high,moderate,False
4702921684,2016-04-22,1664,2241,0,0,72,1341,7.75,465,10.0,0.0,7.916666666666667,0.9789473684210526,Friday,high,low,False
4702921684,2016-04-23,15126,3691,9,66,408,469,8.0,480,26.0,0.0,8.433333333333334,0.9486166007905138,Saturday,high,high,True
4702921684,2016-04-24,15050,3538,15,95,281,542,6.166666666666667,370,10.0,0.0,6.333333333333333,0.9736842105263159,Sunday,moderate,high,True
4702921684,2016-04-25,9167,3064,6,15,270,730,7.016666666666667,421,7.0,1.0,7.15,0.9813519813519813,Monday,high,moderate,False
4702921684,2016-04-26,6108,2784,1,8,216,765,7.233333333333333,434,14.0,1.0,7.483333333333333,0.9665924276169265,Tuesday,high,moderate,False
4702921684,2016-04-27,7047,2908,1,16,238,733,7.366666666666666,442,18.0,1.0,7.683333333333334,0.9587852494577006,Wednesday,high,moderate,False
4702921684,2016-04-28,9023,3033,14,9,232,738,7.216666666666667,433,14.0,0.0,7.45,0.9686800894854586,Thursday,high,moderate,False
4702921684,2016-04-29,9930,3165,12,19,267,692,7.983333333333333,479,22.0,0.0,8.35,0.9560878243512975,Friday,high,moderate,False
4702921684,2016-05-02,7245,2859,5,40,195,1131,5.45,327,40.0,6.0,6.216666666666667,0.8766756032171582,Monday,moderate,moderate,False
4702921684,2016-05-03,9454,3145,0,0,313,729,6.866666666666666,412,20.0,2.0,7.233333333333333,0.9493087557603686,Tuesday,moderate,moderate,False
4702921684,2016-05-04,8161,3004,4,15,251,757,6.9,414,11.0,3.0,7.133333333333334,0.9672897196261682,Wednesday,moderate,moderate,False
4702921684,2016-05-05,8614,3006,8,5,241,745,6.733333333333333,404,39.0,6.0,7.483333333333333,0.8997772828507795,Thursday,moderate,moderate,False
4702921684,2016-05-08,12857,3287,9,125,192,1019,7.25,435,22.0,1.0,7.633333333333334,0.9497816593886462,Sunday,high,high,True
4702921684,2016-05-09,8232,2990,0,12,253,746,6.933333333333334,416,15.0,0.0,7.183333333333334,0.9651972157772621,Monday,moderate,moderate,False
4702921684,2016-05-10,10613,3172,1,37,262,701,5.9,354,8.0,4.0,6.1,0.9672131147540984,Tuesday,moderate,high,False
4702921684,2016-05-11,9810,3069,10,41,235,784,6.733333333333333,404,36.0,2.0,7.366666666666666,0.914027149321267,Wednesday,moderate,moderate,False
5553957443,2016-04-01,12409,2142,51,12,235,782,9.816666666666666,589,97.0,6.0,11.533333333333333,0.8511560693641619,Friday,very high,high,False
5553957443,2016-04-03,1515,1481,0,0,93,507,7.483333333333333,449,39.0,1.0,8.15,0.918200408997955,Sunday,high,low,True
5553957443,2016-04-04,8921,1892,27,8,198,754,6.883333333333334,413,36.0,3.0,7.533333333333333,0.9137168141592921,Monday,moderate,moderate,False
5553957443,2016-04-05,11306,2086,40,26,218,772,6.1,366,22.0,5.0,6.55,0.9312977099236641,Tuesday,moderate,high,False
5553957443,2016-04-06,12252,2044,33,28,229,745,6.166666666666667,370,35.0,1.0,6.766666666666667,0.9113300492610837,Wednesday,moderate,high,False
5553957443,2016-04-07,15444,2249,51,39,243,731,6.366666666666666,382,37.0,4.0,7.05,0.9030732860520094,Thursday,moderate,high,False
5553957443,2016-04-08,9938,2019,38,24,193,767,8.25,495,47.0,6.0,9.133333333333333,0.9032846715328468,Friday,high,moderate,False
5553957443,2016-04-09,4599,1692,0,0,176,578,11.366666666666667,682,69.0,9.0,12.666666666666666,0.8973684210526317,Saturday,very high,low,True
5553957443,2016-04-10,5594,1712,4,25,150,552,6.733333333333333,404,35.0,7.0,7.433333333333334,0.905829596412556,Sunday,moderate,moderate,True
5553957443,2016-04-12,15032,2659,26,24,327,828,6.616666666666666,397,23.0,4.0,7.066666666666666,0.9363207547169811,Tuesday,moderate,high,False
5553957443,2016-04-13,4832,1718,0,0,226,647,6.916666666666667,415,63.0,4.0,8.033333333333333,0.8609958506224067,Wednesday,moderate,low,False
5553957443,2016-04-14,17022,2324,61,41,256,693,6.283333333333333,377,29.0,3.0,6.816666666666666,0.921760391198044,Thursday,moderate,high,False
5553957443,2016-04-15,16556,2254,58,38,239,689,10.433333333333334,626,31.0,1.0,10.966666666666667,0.9513677811550152,Friday,very high,high,False
5553957443,2016-04-16,5771,1831,0,0,288,521,6.25,375,54.0,1.0,7.166666666666667,0.872093023255814,Saturday,moderate,moderate,True
5553957443,2016-04-17,655,1397,0,0,46,943,7.216666666666667,433,17.0,0.0,7.5,0.9622222222222222,Sunday,high,low,True
5553957443,2016-04-18,3727,1683,0,0,206,622,7.4,444,47.0,10.0,8.35,0.8862275449101797,Monday,high,low,False
5553957443,2016-04-19,15482,2284,69,28,249,756,10.966666666666667,658,16.0,4.0,11.3,0.9705014749262536,Tuesday,very high,high,False
5553957443,2016-04-20,2713,1570,0,0,148,598,6.65,399,27.0,5.0,7.183333333333334,0.925754060324826,Wednesday,moderate,low,False
5553957443,2016-04-21,12346,2066,47,42,177,801,5.366666666666666,322,30.0,1.0,5.883333333333334,0.9121813031161472,Thursday,moderate,high,False
5553957443,2016-04-22,11682,2105,25,16,270,781,8.9,534,70.0,9.0,10.216666666666667,0.8711256117455138,Friday,high,high,False
5553957443,2016-04-23,4112,1776,0,0,272,443,9.683333333333334,581,86.0,13.0,11.333333333333334,0.8544117647058823,Saturday,very high,low,True
5553957443,2016-04-24,1807,1507,0,0,104,582,8.366666666666667,502,36.0,2.0,9.0,0.9296296296296297,Sunday,high,low,True
5553957443,2016-04-25,10946,2033,51,11,201,732,6.866666666666666,412,40.0,1.0,7.55,0.9094922737306843,Monday,moderate,high,False
5553957443,2016-04-26,11886,2093,40,18,238,750,5.783333333333333,347,42.0,2.0,6.516666666666667,0.887468030690537,Tuesday,moderate,high,False
5553957443,2016-04-27,10538,1922,16,16,206,745,7.016666666666667,421,36.0,0.0,7.616666666666666,0.9212253829321664,Wednesday,high,high,False
5553957443,2016-04-28,11393,1999,49,13,165,727,7.5,450,39.0,6.0,8.25,0.9090909090909091,Thursday,high,high,False
5553957443,2016-04-29,12764,2169,46,15,270,709,11.1,666,49.0,9.0,12.066666666666666,0.919889502762431,Friday,very high,high,False
5553957443,2016-04-30,1202,1463,0,0,84,506,11.033333333333333,662,56.0,14.0,12.2,0.9043715846994536,Saturday,very high,low,True
5553957443,2016-05-01,5164,1747,0,0,237,436,7.966666666666667,478,49.0,17.0,9.066666666666666,0.8786764705882353,Sunday,high,moderate,True
5553957443,2016-05-02,9769,1996,23,9,227,724,6.333333333333333,380,46.0,3.0,7.15,0.8857808857808857,Monday,moderate,moderate,False
5553957443,2016-05-03,12848,2116,26,29,247,812,7.45,447,20.0,3.0,7.833333333333333,0.9510638297872341,Tuesday,high,high,False
5553957443,2016-05-04,4249,1698,0,0,224,651,6.983333333333333,419,39.0,6.0,7.733333333333333,0.9030172413793104,Wednesday,moderate,low,False
5553957443,2016-05-05,14331,2156,44,29,241,692,6.666666666666667,400,28.0,6.0,7.233333333333333,0.9216589861751152,Thursday,moderate,high,False
5553957443,2016-05-06,9632,1916,21,9,229,761,7.366666666666666,442,27.0,1.0,7.833333333333333,0.9404255319148936,Friday,high,moderate,False
5553957443,2016-05-07,1868,1494,0,0,96,902,9.466666666666667,568,34.0,6.0,10.133333333333333,0.9342105263157895,Saturday,very high,low,True
5553957443,2016-05-08,6083,1762,3,8,210,505,7.55,453,31.0,10.0,8.233333333333333,0.917004048582996,Sunday,high,moderate,True
5553957443,2016-05-09,11611,2272,59,22,251,667,6.966666666666667,418,17.0,8.0,7.383333333333334,0.9435665914221218,Monday,moderate,high,False
5553957443,2016-05-10,16358,2335,61,40,265,707,7.716666666666667,463,22.0,1.0,8.1,0.9526748971193416,Tuesday,high,high,False
5553957443,2016-05-11,4926,1693,0,0,195,628,7.3,438,34.0,3.0,7.916666666666667,0.9221052631578947,Wednesday,high,low,False
5577150313,2016-04-01,10461,3625,99,31,142,721,6.9,414,27.0,6.0,7.45,0.9261744966442953,Friday,moderate,high,False
5577150313,2016-04-02,14873,4430,202,36,153,663,5.6,336,15.0,2.0,5.883333333333334,0.951841359773371,Saturday,moderate,high,True
5577150313,2016-04-03,9917,3427,58,27,240,700,7.183333333333334,431,18.0,5.0,7.566666666666666,0.9493392070484582,Sunday,high,moderate,True
5577150313,2016-04-04,7401,3492,70,19,204,689,7.65,459,23.0,11.0,8.216666666666667,0.9310344827586208,Monday,high,moderate,False
5577150313,2016-04-05,8964,3597,107,18,145,756,6.066666666666666,364,14.0,3.0,6.35,0.9553805774278216,Tuesday,moderate,moderate,False
5577150313,2016-04-06,11080,3765,83,52,190,695,6.816666666666666,409,37.0,5.0,7.516666666666667,0.9068736141906873,Wednesday,moderate,high,False
5577150313,2016-04-07,4499,2775,31,11,146,756,7.516666666666667,451,14.0,4.0,7.816666666666666,0.9616204690831557,Thursday,high,low,False
5577150313,2016-04-08,4363,2486,8,2,156,813,8.4,504,14.0,0.0,8.633333333333333,0.972972972972973,Friday,high,low,False
5577150313,2016-04-09,10494,3817,123,62,138,601,7.6,456,22.0,3.0,8.016666666666667,0.9480249480249479,Saturday,high,high,True
5577150313,2016-04-10,9776,3378,80,35,162,721,6.566666666666666,394,25.0,7.0,7.1,0.9248826291079812,Sunday,moderate,moderate,True
5577150313,2016-04-11,2862,1511,39,17,54,209,6.983333333333333,419,17.0,2.0,7.3,0.9566210045662101,Monday,moderate,low,False
5577150313,2016-04-12,8135,3405,86,16,140,728,7.2,432,23.0,3.0,7.633333333333334,0.9432314410480349,Tuesday,high,moderate,False
5577150313,2016-04-13,5077,2551,15,11,144,776,7.95,477,15.0,5.0,8.283333333333333,0.9597585513078472,Wednesday,high,moderate,False
5577150313,2016-04-14,8596,4022,118,30,176,662,6.533333333333333,392,18.0,3.0,6.883333333333334,0.9491525423728813,Thursday,moderate,moderate,False
5577150313,2016-04-15,12087,4005,115,54,199,695,6.766666666666667,406,19.0,20.0,7.416666666666667,0.9123595505617977,Friday,moderate,high,False
5577150313,2016-04-16,14269,4274,184,56,158,472,9.15,549,30.0,4.0,9.716666666666667,0.9416809605488851,Saturday,very high,high,True
5577150313,2016-04-17,12231,4552,200,37,159,525,8.783333333333333,527,23.0,3.0,9.216666666666667,0.9529837251356238,Sunday,high,high,True
5577150313,2016-04-18,9893,3625,114,32,130,623,7.483333333333333,449,16.0,0.0,7.75,0.9655913978494624,Monday,high,moderate,False
5577150313,2016-04-19,12574,3501,108,23,111,733,7.45,447,30.0,3.0,8.0,0.93125,Tuesday,high,high,False
5577150313,2016-04-20,8330,3192,87,16,113,773,6.9,414,20.0,3.0,7.283333333333333,0.9473684210526316,Wednesday,moderate,moderate,False
5577150313,2016-04-21,10830,4018,110,74,175,670,5.633333333333334,338,17.0,11.0,6.1,0.923497267759563,Thursday,moderate,high,False
5577150313,2016-04-22,9172,3329,62,30,200,823,6.4,384,16.0,2.0,6.7,0.9552238805970149,Friday,moderate,moderate,False
5577150313,2016-04-23,7638,3152,24,24,223,627,9.05,543,56.0,16.0,10.25,0.8829268292682928,Saturday,very high,moderate,True
5577150313,2016-04-24,15764,4392,210,65,141,425,7.016666666666667,421,37.0,3.0,7.683333333333334,0.913232104121475,Sunday,high,high,True
5577150313,2016-04-25,6393,3374,61,38,214,743,5.9,354,21.0,2.0,6.283333333333333,0.9389920424403184,Monday,moderate,moderate,False
5577150313,2016-04-26,5325,3088,38,32,181,759,7.066666666666666,424,27.0,1.0,7.533333333333333,0.9380530973451328,Tuesday,high,moderate,False
5577150313,2016-04-27,6805,3294,63,16,190,773,6.016666666666667,361,11.0,0.0,6.2,0.9704301075268816,Wednesday,moderate,moderate,False
5577150313,2016-04-28,9841,3580,99,51,141,692,7.65,459,23.0,3.0,8.083333333333334,0.9463917525773196,Thursday,high,moderate,False
5577150313,2016-04-29,7924,3544,97,36,165,739,6.866666666666666,412,19.0,2.0,7.216666666666667,0.951501154734411,Friday,moderate,moderate,False
5577150313,2016-04-30,12363,4501,207,45,163,621,6.316666666666666,379,18.0,1.0,6.633333333333334,0.9522613065326633,Saturday,moderate,high,True
5577150313,2016-05-01,13368,4546,194,72,178,499,7.183333333333334,431,13.0,4.0,7.466666666666667,0.9620535714285714,Sunday,high,high,True
5577150313,2016-05-02,7439,3014,37,20,235,732,1.5666666666666667,94,6.0,5.0,1.75,0.8952380952380953,Monday,low,moderate,False
5577150313,2016-05-03,11045,3795,97,8,212,580,9.733333333333333,584,44.0,5.0,10.55,0.9225908372827802,Tuesday,very high,high,False
5577150313,2016-05-04,5206,2755,25,9,141,631,8.783333333333333,527,17.0,0.0,9.066666666666666,0.96875,Wednesday,high,moderate,False
5577150313,2016-05-05,7550,3004,45,21,143,1153,1.2333333333333334,74,1.0,3.0,1.3,0.9487179487179487,Thursday,low,moderate,False
5577150313,2016-05-09,3421,2489,34,11,70,1099,8.4,504,37.0,21.0,9.366666666666667,0.896797153024911,Monday,high,low,False
5577150313,2016-05-10,8869,3841,104,37,194,639,7.183333333333334,431,38.0,7.0,7.933333333333334,0.9054621848739496,Tuesday,high,moderate,False
6117666160,2016-04-01,7444,2210,0,0,286,568,9.066666666666666,544,13.0,0.0,9.283333333333333,0.9766606822262118,Friday,very high,moderate,False
6117666160,2016-04-05,9910,2445,0,0,384,990,8.316666666666666,499,17.0,7.0,8.716666666666667,0.9541108986615678,Tuesday,high,moderate,False
6117666160,2016-04-06,12409,2694,0,0,491,388,9.733333333333333,584,32.0,2.0,10.3,0.9449838187702264,Wednesday,very high,high,False
6117666160,2016-04-08,8955,2482,0,0,422,1018,6.216666666666667,373,27.0,3.0,6.716666666666667,0.9255583126550868,Friday,moderate,moderate,False
6117666160,2016-04-09,10789,2617,0,0,506,413,1.0333333333333334,62,2.0,0.0,1.0666666666666667,0.9687500000000001,Saturday,low,high,True
6117666160,2016-04-15,14019,2865,0,6,513,921,6.333333333333333,380,17.0,1.0,6.633333333333334,0.9547738693467336,Friday,moderate,high,False
6117666160,2016-04-16,14450,2828,7,15,518,502,4.116666666666666,247,12.0,0.0,4.316666666666666,0.9536679536679536,Saturday,low,high,True
6117666160,2016-04-17,7150,2225,0,0,312,702,9.7,582,15.0,4.0,10.016666666666667,0.968386023294509,Sunday,very high,moderate,True
6117666160,2016-04-18,5153,2018,0,0,241,759,7.75,465,27.0,0.0,8.2,0.9451219512195123,Monday,high,moderate,False
6117666160,2016-04-19,11135,2606,0,0,480,425,7.9,474,26.0,2.0,8.366666666666667,0.944223107569721,Tuesday,high,high,False
6117666160,2016-04-20,10449,2536,26,10,349,587,8.466666666666667,508,37.0,5.0,9.166666666666666,0.9236363636363637,Wednesday,high,high,False
6117666160,2016-04-21,19542,4900,11,19,294,579,8.266666666666667,496,31.0,19.0,9.1,0.9084249084249085,Thursday,high,high,False
6117666160,2016-04-22,8206,2409,0,0,402,413,8.233333333333333,494,29.0,16.0,8.983333333333333,0.9165120593692022,Friday,high,moderate,False
6117666160,2016-04-23,11495,2651,0,0,512,468,5.883333333333334,353,13.0,1.0,6.116666666666666,0.9618528610354224,Saturday,moderate,high,True
6117666160,2016-04-26,9543,2450,0,7,352,1077,9.033333333333333,542,14.0,1.0,9.283333333333333,0.9730700179533214,Tuesday,very high,moderate,False
6117666160,2016-04-27,9411,2576,0,0,458,417,6.55,393,23.0,0.0,6.933333333333334,0.9447115384615384,Wednesday,moderate,moderate,False
6117666160,2016-04-28,3403,1879,0,0,141,758,10.0,600,28.0,8.0,10.6,0.9433962264150944,Thursday,very high,low,False
6117666160,2016-04-30,6987,2275,0,0,343,1040,8.45,507,44.0,24.0,9.583333333333334,0.8817391304347825,Saturday,high,moderate,True
6117666160,2016-05-04,2997,1902,0,0,156,1279,6.533333333333333,392,19.0,4.0,6.916666666666667,0.944578313253012,Wednesday,moderate,low,False
6117666160,2016-05-05,9799,2636,0,0,487,479,9.716666666666667,583,26.0,4.0,10.216666666666667,0.9510603588907015,Thursday,very high,moderate,False
6117666160,2016-05-06,3365,1838,0,0,133,673,7.983333333333333,479,14.0,2.0,8.25,0.9676767676767677,Friday,high,low,False
6117666160,2016-05-07,7336,2469,0,0,412,456,10.816666666666666,649,36.0,15.0,11.666666666666666,0.9271428571428572,Saturday,very high,moderate,True
6117666160,2016-05-08,7328,2250,0,0,318,517,8.2,492,25.0,5.0,8.7,0.9425287356321839,Sunday,high,moderate,True
6775888955,2016-04-01,7225,3065,25,50,163,1189,7.316666666666666,439,20.0,6.0,7.75,0.9440860215053763,Friday,high,moderate,False
6775888955,2016-04-05,9348,4286,56,133,240,1011,7.166666666666667,430,24.0,2.0,7.6,0.9429824561403509,Tuesday,high,moderate,False
6775888955,2016-04-06,11761,3920,24,99,300,550,4.766666666666667,286,14.0,2.0,5.033333333333333,0.9470198675496689,Wednesday,low,high,False
6775888955,2016-04-12,0,1841,0,0,0,1440,3.9166666666666665,235,17.0,8.0,4.333333333333333,0.9038461538461539,Tuesday,low,,False
6775888955,2016-04-13,4053,2400,17,18,85,1053,7.05,423,13.0,5.0,7.35,0.9591836734693878,Wednesday,high,low,False
6775888955,2016-04-14,5162,2507,14,24,105,863,6.516666666666667,391,11.0,4.0,6.766666666666667,0.9630541871921182,Thursday,moderate,moderate,False
6962181067,2016-03-30,15491,2244,18,77,272,641,8.833333333333334,530,18.0,2.0,9.166666666666666,0.9636363636363637,Wednesday,high,high,False
6962181067,2016-03-31,14097,2188,50,32,234,595,8.833333333333334,530,7.0,0.0,8.95,0.9869646182495346,Thursday,high,high,False
6962181067,2016-04-01,10467,2014,9,45,252,602,6.65,399,15.0,1.0,6.916666666666667,0.9614457831325302,Friday,moderate,high,False
6962181067,2016-04-02,12437,2115,50,24,219,732,7.866666666666666,472,19.0,5.0,8.266666666666667,0.9516129032258063,Saturday,high,high,True
6962181067,2016-04-03,12307,2055,14,51,218,589,7.133333333333334,428,39.0,4.0,7.85,0.9087048832271764,Sunday,high,high,True
6962181067,2016-04-04,18952,2437,73,20,327,570,5.216666666666667,313,34.0,8.0,5.916666666666667,0.8816901408450704,Monday,moderate,high,False
6962181067,2016-04-05,12010,2158,38,17,287,692,8.433333333333334,506,31.0,2.0,8.983333333333333,0.9387755102040818,Tuesday,high,high,False
6962181067,2016-04-06,12480,2170,55,14,276,593,6.933333333333334,416,7.0,0.0,7.05,0.9834515366430261,Wednesday,moderate,high,False
6962181067,2016-04-07,13417,2244,45,16,284,665,7.033333333333333,422,2.0,0.0,7.066666666666666,0.9952830188679246,Thursday,high,high,False
6962181067,2016-04-08,14400,2188,27,37,276,697,7.233333333333333,434,17.0,4.0,7.583333333333333,0.9538461538461539,Friday,high,high,False
6962181067,2016-04-09,12495,2231,33,19,324,609,6.816666666666666,409,13.0,0.0,7.033333333333333,0.9691943127962085,Saturday,moderate,high,True
6962181067,2016-04-10,10148,2100,19,7,306,679,6.633333333333334,398,15.0,0.0,6.883333333333334,0.9636803874092009,Sunday,moderate,high,True
6962181067,2016-04-12,16092,2911,93,23,237,942,10.5,630,42.0,7.0,11.316666666666666,0.9278350515463918,Tuesday,very high,high,False
6962181067,2016-04-13,5652,1718,8,24,142,548,8.466666666666667,508,21.0,6.0,8.916666666666666,0.9495327102803739,Wednesday,high,moderate,False
6962181067,2016-04-14,1551,1466,0,0,86,862,6.166666666666667,370,14.0,2.0,6.433333333333334,0.9585492227979274,Thursday,moderate,low,False
6962181067,2016-04-15,5563,1756,0,0,217,837,5.95,357,5.0,4.0,6.1,0.9754098360655739,Friday,moderate,moderate,False
6962181067,2016-04-16,13217,2173,50,3,280,741,7.116666666666666,427,16.0,3.0,7.433333333333334,0.9573991031390133,Saturday,high,high,True
6962181067,2016-04-17,10145,2027,5,13,295,634,7.366666666666666,442,13.0,3.0,7.633333333333334,0.965065502183406,Sunday,high,high,True
6962181067,2016-04-18,11404,2039,13,42,238,689,7.933333333333334,476,55.0,4.0,8.916666666666666,0.8897196261682244,Monday,high,high,False
6962181067,2016-04-19,10742,2046,35,41,195,659,6.966666666666667,418,5.0,1.0,7.066666666666666,0.9858490566037736,Tuesday,moderate,high,False
6962181067,2016-04-20,13928,2174,48,4,297,639,7.516666666666667,451,6.0,0.0,7.616666666666666,0.9868708971553611,Wednesday,high,high,False
6962181067,2016-04-21,11835,2179,53,27,214,708,7.083333333333333,425,10.0,0.0,7.25,0.9770114942528735,Thursday,high,high,False
6962181067,2016-04-22,10725,2086,30,33,240,659,8.8,528,15.0,3.0,9.1,0.9670329670329672,Friday,high,high,False
6962181067,2016-04-23,20031,2571,58,41,347,484,8.516666666666667,511,3.0,0.0,8.566666666666666,0.9941634241245138,Saturday,high,,True
6962181067,2016-04-24,5029,1705,0,0,199,720,6.666666666666667,400,11.0,4.0,6.916666666666667,0.963855421686747,Sunday,moderate,moderate,True
6962181067,2016-04-25,13239,2194,35,31,282,637,7.35,441,5.0,0.0,7.433333333333334,0.9887892376681614,Monday,high,high,False
6962181067,2016-04-26,10433,2012,36,7,254,680,7.583333333333333,455,11.0,1.0,7.783333333333333,0.974304068522484,Tuesday,high,high,False
6962181067,2016-04-27,10320,2034,7,38,279,697,7.333333333333333,440,11.0,2.0,7.55,0.9713024282560706,Wednesday,high,high,False
6962181067,2016-04-28,12627,2182,38,8,288,621,7.216666666666667,433,14.0,0.0,7.45,0.9686800894854586,Thursday,high,high,False
6962181067,2016-04-29,10762,2254,12,15,369,645,7.033333333333333,422,2.0,0.0,7.066666666666666,0.9952830188679246,Friday,high,high,False
6962181067,2016-04-30,10081,2002,32,16,237,731,6.85,411,12.0,3.0,7.1,0.9647887323943662,Saturday,moderate,high,True
6962181067,2016-05-01,5454,1740,0,0,215,722,7.766666666666667,466,14.0,2.0,8.033333333333333,0.966804979253112,Sunday,high,moderate,True
6962181067,2016-05-02,12912,2162,18,39,313,655,6.566666666666666,394,17.0,7.0,6.966666666666667,0.9425837320574162,Monday,moderate,high,False
6962181067,2016-05-03,12109,2072,21,36,267,654,7.366666666666666,442,12.0,1.0,7.583333333333333,0.9714285714285714,Tuesday,high,high,False
6962181067,2016-05-04,10147,2086,15,36,284,683,7.783333333333333,467,21.0,3.0,8.183333333333334,0.9511201629327902,Wednesday,high,high,False
6962181067,2016-05-05,10524,2066,14,22,305,591,7.383333333333334,443,15.0,4.0,7.7,0.9588744588744589,Thursday,high,high,False
6962181067,2016-05-06,5908,1850,0,0,299,717,4.966666666666667,298,25.0,11.0,5.566666666666666,0.8922155688622755,Friday,low,moderate,False
6962181067,2016-05-07,6815,1947,0,0,328,745,9.016666666666667,541,22.0,6.0,9.483333333333333,0.9507908611599298,Saturday,very high,moderate,True
6962181067,2016-05-08,4188,1659,0,14,151,709,8.15,489,8.0,0.0,8.283333333333333,0.9839034205231388,Sunday,high,low,True
6962181067,2016-05-09,12342,2105,43,21,231,607,7.816666666666666,469,10.0,2.0,8.016666666666667,0.9750519750519749,Monday,high,high,False
6962181067,2016-05-10,15448,2361,62,34,275,626,7.533333333333333,452,26.0,2.0,8.0,0.9416666666666667,Tuesday,high,high,False
6962181067,2016-05-11,6722,1855,24,7,199,709,8.6,516,17.0,2.0,8.916666666666666,0.9644859813084112,Wednesday,high,moderate,False
7007744171,2016-04-03,16806,3086,104,31,230,1002,1.1666666666666667,70,3.0,0.0,1.2166666666666666,0.9589041095890413,Sunday,low,high,True
7007744171,2016-04-05,12084,2676,50,6,284,1030,1.1,66,4.0,0.0,1.1666666666666667,0.9428571428571428,Tuesday,low,high,False
7007744171,2016-04-07,14100,2840,61,33,265,1015,1.05,63,3.0,0.0,1.1,0.9545454545454545,Thursday,low,high,False
7007744171,2016-04-16,4631,2076,0,0,203,1155,1.3166666666666667,79,3.0,0.0,1.3666666666666667,0.9634146341463414,Saturday,low,low,True
7086361926,2016-04-01,11463,2496,38,30,154,777,9.433333333333334,566,34.0,3.0,10.05,0.9386401326699834,Friday,very high,high,False
7086361926,2016-04-05,7478,2439,25,33,132,1159,8.033333333333333,482,12.0,0.0,8.233333333333333,0.9757085020242916,Tuesday,high,moderate,False
7086361926,2016-04-06,7352,2233,19,14,124,814,7.683333333333334,461,10.0,1.0,7.866666666666666,0.9766949152542374,Wednesday,high,moderate,False
7086361926,2016-04-07,14604,2862,76,30,127,695,8.2,492,19.0,0.0,8.516666666666667,0.9628180039138942,Thursday,high,high,False
7086361926,2016-04-08,9634,2752,50,48,140,797,7.766666666666667,466,17.0,4.0,8.116666666666667,0.9568788501026694,Friday,high,moderate,False
7086361926,2016-04-10,569,1799,0,0,27,1368,7.15,429,12.0,0.0,7.35,0.9727891156462586,Sunday,high,low,True
7086361926,2016-04-12,11747,3397,59,6,167,820,7.516666666666667,451,13.0,1.0,7.75,0.9698924731182795,Tuesday,high,high,False
7086361926,2016-04-13,5813,2516,31,26,155,744,7.866666666666666,472,4.0,0.0,7.933333333333334,0.9915966386554621,Wednesday,high,moderate,False
7086361926,2016-04-14,9123,2734,35,32,189,787,6.283333333333333,377,8.0,1.0,6.433333333333334,0.9766839378238341,Thursday,moderate,moderate,False
7086361926,2016-04-18,9827,2743,61,51,114,1136,7.866666666666666,472,11.0,0.0,8.05,0.9772256728778467,Monday,high,moderate,False
7086361926,2016-04-19,10688,2944,67,69,124,671,8.2,492,10.0,0.0,8.366666666666667,0.9800796812749003,Tuesday,high,high,False
7086361926,2016-04-20,14365,2997,87,13,145,797,6.5,390,14.0,7.0,6.85,0.9489051094890512,Wednesday,moderate,high,False
7086361926,2016-04-21,9469,2463,19,6,206,758,7.133333333333334,428,13.0,7.0,7.466666666666667,0.9553571428571429,Thursday,high,moderate,False
7086361926,2016-04-23,2817,1965,0,0,90,1350,11.166666666666666,670,23.0,0.0,11.55,0.9668109668109667,Saturday,very high,low,True
7086361926,2016-04-24,3520,2049,0,0,125,566,7.616666666666666,457,1.0,0.0,7.633333333333334,0.9978165938864628,Sunday,high,low,True
7086361926,2016-04-25,10091,2752,69,39,129,706,8.083333333333334,485,15.0,0.0,8.333333333333334,0.97,Monday,high,high,False
7086361926,2016-04-26,10387,2781,70,33,132,726,7.816666666666666,469,10.0,0.0,7.983333333333333,0.9791231732776617,Tuesday,high,high,False
7086361926,2016-04-27,11107,2693,55,6,145,829,5.9,354,9.0,4.0,6.116666666666666,0.9645776566757495,Wednesday,moderate,high,False
7086361926,2016-04-29,7881,2616,24,36,182,1198,8.083333333333334,485,2.0,2.0,8.15,0.9918200408997956,Friday,high,moderate,False
7086361926,2016-04-30,14560,2995,42,17,308,584,6.466666666666667,388,12.0,7.0,6.783333333333333,0.9533169533169533,Saturday,moderate,high,True
7086361926,2016-05-01,12390,2730,30,15,258,685,7.333333333333333,440,16.0,3.0,7.65,0.9586056644880173,Sunday,high,high,True
7086361926,2016-05-02,10052,2754,66,26,139,737,7.6,456,5.0,0.0,7.683333333333334,0.9891540130151844,Monday,high,high,False
7086361926,2016-05-03,10288,2754,57,36,152,761,7.0,420,16.0,0.0,7.266666666666667,0.963302752293578,Tuesday,moderate,high,False
7086361926,2016-05-05,8564,2386,24,14,149,1253,5.366666666666666,322,10.0,1.0,5.55,0.9669669669669669,Thursday,moderate,moderate,False
7086361926,2016-05-06,12461,2924,84,35,154,834,8.833333333333334,530,17.0,1.0,9.133333333333333,0.9671532846715329,Friday,high,high,False
7086361926,2016-05-07,12827,2739,20,42,209,621,8.016666666666667,481,20.0,9.0,8.5,0.9431372549019609,Saturday,high,high,True
7086361926,2016-05-08,10677,2534,32,27,147,695,7.116666666666666,427,11.0,0.0,7.3,0.9748858447488584,Sunday,high,high,True
7086361926,2016-05-10,14433,2800,72,23,106,1182,7.516666666666667,451,11.0,1.0,7.716666666666667,0.9740820734341252,Tuesday,high,high,False
7086361926,2016-05-11,9572,2735,57,40,128,757,7.4,444,13.0,0.0,7.616666666666666,0.9715536105032824,Wednesday,high,moderate,False
8053475328,2016-04-19,15929,3114,90,7,191,1152,8.1,486,4.0,3.0,8.216666666666667,0.9858012170385395,Tuesday,high,high,False
8053475328,2016-04-22,10520,2655,60,3,117,1260,5.516666666666667,331,1.0,5.0,5.616666666666666,0.9821958456973294,Friday,moderate,high,False
8053475328,2016-05-07,19769,3331,121,20,148,1076,1.2333333333333334,74,0.0,1.0,1.25,0.9866666666666667,Saturday,low,high,True
8378563200,2016-04-01,14179,3669,73,21,195,719,9.25,555,43.0,10.0,10.133333333333333,0.9128289473684211,Friday,very high,high,False
8378563200,2016-04-02,3358,2702,0,0,144,657,9.933333333333334,596,34.0,6.0,10.6,0.9371069182389937,Saturday,very high,low,True
8378563200,2016-04-03,9152,3304,25,13,243,600,6.033333333333333,362,22.0,0.0,6.4,0.9427083333333333,Sunday,moderate,moderate,True
8378563200,2016-04-04,13935,4234,105,16,220,658,6.95,417,19.0,0.0,7.266666666666667,0.9564220183486238,Monday,moderate,high,False
8378563200,2016-04-05,12846,4128,113,15,189,686,6.95,417,21.0,4.0,7.366666666666666,0.9434389140271494,Tuesday,moderate,high,False
8378563200,2016-04-06,9124,3798,55,6,230,728,6.65,399,17.0,7.0,7.05,0.9432624113475178,Wednesday,moderate,moderate,False
8378563200,2016-04-07,9725,3839,83,11,181,670,7.616666666666666,457,27.0,5.0,8.15,0.9345603271983639,Thursday,high,moderate,False
8378563200,2016-04-08,8350,3713,72,10,167,868,4.183333333333334,251,28.0,3.0,4.7,0.8900709219858156,Friday,low,moderate,False
8378563200,2016-04-09,2240,2606,0,0,110,843,11.366666666666667,682,82.0,4.0,12.8,0.8880208333333334,Saturday,very high,low,True
8378563200,2016-04-10,2631,2624,0,0,117,727,5.583333333333333,335,17.0,3.0,5.916666666666667,0.9436619718309858,Sunday,moderate,low,True
8378563200,2016-04-11,8837,3775,74,17,182,811,11.266666666666667,676,32.0,4.0,11.866666666666667,0.949438202247191,Monday,very high,moderate,False
8378563200,2016-04-12,10872,5517,130,30,205,966,7.45,447,36.0,4.0,8.116666666666667,0.917864476386037,Tuesday,high,high,False
8378563200,2016-04-13,12386,4079,116,14,169,680,7.066666666666666,424,28.0,3.0,7.583333333333333,0.9318681318681319,Wednesday,high,high,False
8378563200,2016-04-14,13318,4163,123,21,174,699,8.55,513,15.0,5.0,8.883333333333333,0.9624765478424017,Thursday,high,high,False
8378563200,2016-04-15,14461,3666,60,23,190,729,8.233333333333333,494,51.0,6.0,9.183333333333334,0.8965517241379309,Friday,high,high,False
8378563200,2016-04-16,11207,3363,64,21,142,563,9.166666666666666,550,43.0,7.0,10.0,0.9166666666666666,Saturday,very high,high,True
8378563200,2016-04-17,2132,2572,0,0,93,599,8.166666666666666,490,85.0,5.0,9.666666666666666,0.8448275862068966,Sunday,high,low,True
8378563200,2016-04-18,13630,4157,117,10,174,720,6.45,387,27.0,7.0,7.016666666666667,0.9192399049881236,Monday,moderate,high,False
8378563200,2016-04-19,13070,4092,120,19,154,737,6.35,381,26.0,2.0,6.816666666666666,0.9315403422982885,Tuesday,moderate,high,False
8378563200,2016-04-20,9388,3787,82,8,169,763,6.6,396,17.0,4.0,6.95,0.9496402877697842,Wednesday,moderate,moderate,False
8378563200,2016-04-21,15148,4236,137,16,145,677,7.35,441,23.0,5.0,7.816666666666666,0.9402985074626865,Thursday,high,high,False
8378563200,2016-04-22,12200,4044,113,12,159,769,9.416666666666666,565,20.0,6.0,9.85,0.9560067681895092,Friday,very high,high,False
8378563200,2016-04-23,5709,2908,19,10,136,740,7.633333333333334,458,28.0,6.0,8.2,0.9308943089430896,Saturday,high,moderate,True
8378563200,2016-04-24,3703,2741,0,0,135,734,6.466666666666667,388,14.0,0.0,6.7,0.9651741293532339,Sunday,moderate,low,True
8378563200,2016-04-25,12405,4005,117,16,141,692,9.166666666666666,550,31.0,3.0,9.733333333333333,0.9417808219178082,Monday,very high,high,False
8378563200,2016-04-26,16208,3763,90,18,161,593,9.016666666666667,541,47.0,12.0,10.0,0.9016666666666667,Tuesday,very high,high,False
8378563200,2016-04-27,7359,3061,4,4,192,676,8.433333333333334,506,41.0,9.0,9.266666666666667,0.9100719424460431,Wednesday,high,moderate,False
8378563200,2016-04-28,5417,2884,11,10,139,711,8.783333333333333,527,32.0,3.0,9.366666666666667,0.9377224199288255,Thursday,high,moderate,False
8378563200,2016-04-29,6175,2982,3,7,172,767,7.8,468,71.0,16.0,9.25,0.8432432432432432,Friday,high,moderate,False
8378563200,2016-04-30,2946,2660,0,0,121,780,7.916666666666667,475,52.0,12.0,8.983333333333333,0.88126159554731,Saturday,high,low,True
8378563200,2016-05-01,11419,3369,71,10,127,669,5.85,351,30.0,4.0,6.416666666666667,0.9116883116883115,Sunday,moderate,high,True
8378563200,2016-05-02,6064,3491,63,4,142,802,6.75,405,21.0,3.0,7.15,0.9440559440559441,Monday,moderate,moderate,False
8378563200,2016-05-03,8712,3784,71,20,195,822,7.35,441,30.0,6.0,7.95,0.9245283018867924,Tuesday,high,moderate,False
8378563200,2016-05-04,7875,3110,19,10,167,680,6.35,381,26.0,10.0,6.95,0.9136690647482013,Wednesday,moderate,moderate,False
8378563200,2016-05-05,8567,3783,66,3,214,764,5.383333333333334,323,23.0,9.0,5.916666666666667,0.9098591549295775,Thursday,moderate,moderate,False
8378563200,2016-05-06,7045,3644,74,5,166,831,7.65,459,40.0,14.0,8.55,0.8947368421052632,Friday,high,moderate,False
8378563200,2016-05-07,4468,2799,0,0,158,851,9.216666666666667,553,41.0,12.0,10.1,0.9125412541254125,Saturday,very high,low,True
8378563200,2016-05-08,2943,2685,0,0,139,621,5.983333333333333,359,34.0,6.0,6.65,0.899749373433584,Sunday,moderate,low,True
8378563200,2016-05-09,8382,3721,71,13,171,772,6.033333333333333,362,23.0,6.0,6.516666666666667,0.9258312020460358,Monday,moderate,moderate,False
8378563200,2016-05-10,6582,3586,63,13,152,840,6.133333333333334,368,18.0,1.0,6.45,0.9509043927648579,Tuesday,moderate,moderate,False
8378563200,2016-05-11,9143,3788,72,10,184,763,8.316666666666666,499,40.0,7.0,9.1,0.9139194139194139,Wednesday,high,moderate,False
8792009665,2016-04-02,8452,3004,9,24,328,1079,7.983333333333333,479,29.0,9.0,8.616666666666667,0.9264990328820115,Saturday,high,moderate,True
8792009665,2016-04-03,7238,2667,2,6,279,636,9.433333333333334,566,23.0,6.0,9.916666666666666,0.9512605042016807,Sunday,very high,moderate,True
8792009665,2016-04-04,3821,2229,0,9,161,675,6.4,384,19.0,11.0,6.9,0.927536231884058,Monday,moderate,low,False
8792009665,2016-04-05,2332,2100,1,10,111,904,7.116666666666666,427,28.0,8.0,7.716666666666667,0.9222462203023758,Tuesday,high,low,False
8792009665,2016-04-06,2121,2114,0,0,122,855,7.433333333333334,446,23.0,6.0,7.916666666666667,0.9389473684210526,Wednesday,high,low,False
8792009665,2016-04-07,1291,1961,0,0,77,888,7.066666666666666,424,15.0,8.0,7.45,0.9485458612975392,Thursday,high,low,False
8792009665,2016-04-08,1467,1953,2,8,71,912,8.783333333333333,527,29.0,2.0,9.3,0.9444444444444443,Friday,high,low,False
8792009665,2016-04-09,1022,1890,0,0,63,739,1.2333333333333334,74,5.0,1.0,1.3333333333333333,0.925,Saturday,low,low,True
8792009665,2016-04-11,178,1725,0,0,12,1428,7.633333333333334,458,32.0,3.0,8.216666666666667,0.9290060851926978,Monday,high,low,False
8792009665,2016-04-12,2584,2772,0,0,122,1429,8.85,531,18.0,3.0,9.2,0.9619565217391305,Tuesday,high,low,False
8792009665,2016-04-13,1320,1934,0,0,82,806,8.1,486,17.0,0.0,8.383333333333333,0.9662027833001988,Wednesday,high,low,False
8792009665,2016-04-14,1219,1963,0,0,84,853,6.05,363,13.0,1.0,6.283333333333333,0.9628647214854111,Thursday,moderate,low,False
8792009665,2016-04-19,0,1688,0,0,0,1440,8.8,528,15.0,4.0,9.116666666666667,0.9652650822669104,Tuesday,high,,False
8792009665,2016-04-21,144,1720,0,0,9,1431,6.516666666666667,391,12.0,4.0,6.783333333333333,0.9606879606879607,Thursday,moderate,low,False
8792009665,2016-04-22,4068,2419,1,20,195,817,5.65,339,20.0,1.0,6.0,0.9416666666666668,Friday,moderate,low,False
8792009665,2016-04-26,1321,1928,0,0,80,1360,7.05,423,5.0,0.0,7.133333333333334,0.9883177570093458,Tuesday,high,low,False
8792009665,2016-04-27,1758,2067,0,0,112,900,6.7,402,11.0,3.0,6.933333333333334,0.9663461538461539,Wednesday,moderate,low,False
8792009665,2016-04-28,6157,2780,0,0,310,714,6.633333333333334,398,6.0,2.0,6.766666666666667,0.9802955665024631,Thursday,moderate,moderate,False
8792009665,2016-04-29,8360,3101,6,14,380,634,5.716666666666667,343,15.0,2.0,6.0,0.9527777777777778,Friday,moderate,moderate,False
8792009665,2016-04-30,7174,2896,10,20,301,749,8.383333333333333,503,24.0,0.0,8.783333333333333,0.9544592030360531,Saturday,high,moderate,True
8792009665,2016-05-01,1619,1962,0,0,79,834,6.916666666666667,415,8.0,0.0,7.05,0.9810874704491727,Sunday,moderate,low,True
8792009665,2016-05-02,1831,2015,0,0,101,916,8.6,516,27.0,2.0,9.083333333333334,0.946788990825688,Monday,high,low,False
8792009665,2016-05-03,2421,2297,0,0,156,739,7.316666666666666,439,22.0,2.0,7.716666666666667,0.9481641468682505,Tuesday,high,low,False
